{"images": {"_type": "images/separated", "width": 912, "height": 652, "format": "png", "count": 1, "filenames": ["media/images/images_27299_887683adbf00ba79e585.png"]}, "_timestamp": 1683170269.8931851, "_runtime": 17076.744272232056, "_step": 27299, "lr-Adam": 1.2501586976144574e-05, "loss": 0.003038399387151003, "epoch": 99, "avg_val_loss": 0.0023250810336321592, "_wandb": {"runtime": 17076}}